<Figura><Poligono><Ponto><x>0.3871428571428571</x><y>0.472</y></Ponto><Ponto><x>0.39285714285714285</x><y>0.74</y></Ponto><Ponto><x>0.6285714285714286</x><y>0.708</y></Ponto><Ponto><x>0.6357142857142857</x><y>0.514</y></Ponto><Cor><R>0</R><G>0</G><B>255</B></Cor></Poligono><RetaPoligonal><Ponto><x>0.44285714285714284</x><y>0.39</y></Ponto><Ponto><x>0.31857142857142856</x><y>0.602</y></Ponto><Ponto><x>0.5157142857142857</x><y>0.78</y></Ponto><Ponto><x>0.6857142857142857</x><y>0.618</y></Ponto><Cor><R>0</R><G>0</G><B>255</B></Cor></RetaPoligonal><Retangulo><Ponto><x>0.3842857142857143</x><y>0.564</y></Ponto><Ponto><x>0.61</x><y>0.67</y></Ponto><Cor><R>0</R><G>0</G><B>255</B></Cor></Retangulo><Ponto><x>0.4342857142857143</x><y>0.636</y><Cor><R>0</R><G>0</G><B>255</B></Cor></Ponto><Circulo><Ponto><x>0.5057142857142857</x><y>0.54</y></Ponto><Raio>37.0</Raio><Cor><R>0</R><G>0</G><B>255</B></Cor></Circulo></Figura>